{
    "data": {
        "oitlink": {
            "download": 24.26636392,
            "speed": 1000000000,
            "upload": 5.25133736
        }
    }
}